{
  "accuracy": 0.9831578947368421,
  "precision": 0.9831578947368421,
  "recall": 0.9831578947368421,
  "f1_score": 0.9831578947368421,
  "confusion_matrix": [
    [
      442,
      8
    ],
    [
      8,
      492
    ]
  ],
  "train_accuracy": [
    0.8981578946113586,
    0.9697368144989014,
    0.9850000143051147,
    0.9907894730567932,
    0.996842086315155,
    0.9986842274665833,
    0.9976315498352051,
    0.9965789318084717,
    0.9981579184532166,
    0.99921053647995,
    0.9997368454933167,
    0.99921053647995
  ],
  "val_accuracy": [
    0.4736842215061188,
    0.4736842215061188,
    0.4736842215061188,
    0.4736842215061188,
    0.4747368395328522,
    0.8336842060089111,
    0.9736841917037964,
    0.9747368693351746,
    0.9715789556503296,
    0.9831578731536865,
    0.9821052551269531,
    0.9810526371002197
  ],
  "train_loss": [
    0.26795724034309387,
    0.09167220443487167,
    0.048886269330978394,
    0.030936788767576218,
    0.014740330167114735,
    0.010768615640699863,
    0.010706514120101929,
    0.009924930520355701,
    0.008916091173887253,
    0.0053967805579304695,
    0.004701751749962568,
    0.004568658769130707
  ],
  "val_loss": [
    4.087799072265625,
    7.669163227081299,
    10.163188934326172,
    9.25135326385498,
    5.687904357910156,
    0.49066317081451416,
    0.06974668055772781,
    0.07220623642206192,
    0.07673732191324234,
    0.05444224178791046,
    0.05785828456282616,
    0.053674764931201935
  ]
}